MOORE_minimumInterArrivalTime,MOORE_quartileFirstInterArrivalTime,MOORE_medianInterArrivalTime,MOORE_avgInterArrivalTime,MOORE_quartileThirdInterArrivalTime,MOORE_maximumInterArrivalTime,MOORE_varianceInterArrivalTime,MOORE_minimumInterArrivalTime_a_b,MOORE_quartileFirstInterArrivalTime_a_b,MOORE_medianInterArrivalTime_a_b,MOORE_avgInterArrivalTime_a_b,MOORE_quartileThirdInterArrivalTime_a_b,MOORE_maximumInterArrivalTime_a_b,MOORE_varianceInterArrivalTime_a_b,MOORE_minimumInterArrivalTime_b_a,MOORE_quartileFirstInterArrivalTime_b_a,MOORE_medianInterArrivalTime_b_a,MOORE_avgInterArrivalTime_b_a,MOORE_quartileThirdInterArrivalTime_b_a,MOORE_maximumInterArrivalTime_b_a,MOORE_varianceInterArrivalTime_b_a,MOORE_minimumDataWire,MOORE_quartileFirstDataWire,MOORE_medianDataWire,MOORE_avgDataWire,MOORE_quartileThirdDataWire,MOORE_maximumDataWire,MOORE_varianceDataWire,MOORE_minimumDataWire_a_b,MOORE_quartileFirstDataWire_a_b,MOORE_medianDataWire_a_b,MOORE_avgDataWire_a_b,MOORE_quartileThirdDataWire_a_b,MOORE_maximumDataWire_a_b,MOORE_varianceDataWire_a_b,MOORE_minimumDataWire_b_a,MOORE_quartileFirstDataWire_b_a,MOORE_medianDataWire_b_a,MOORE_avgDataWire_b_a,MOORE_quartileThirdDataWire_b_a,MOORE_maximumDataWire_b_a,MOORE_varianceDataWire_b_a,MOORE_total_packets_a_b,MOORE_total_packets_b_a,MOORE_ack_pkts_sent_a_b,MOORE_ack_pkts_sent_b_a,MOORE_pure_acks_sent_a_b,MOORE_pure_acks_sent_b_a,MOORE_pushed_pkts_sent_a_b,MOORE_pushed_pkts_sent_b_a,MOORE_syn_pkts_sent_a_b,MOORE_syn_pkts_sent_b_a,MOORE_fin_pkts_sent_a_b,MOORE_fin_pkts_sent_b_a,MOORE_urgent_pkts_sent_a_b,MOORE_urgent_pkts_sent_b_a,MOORE_throughput_a_b,MOORE_throughput_b_a,class
1.0,0.0,0.0,0.0,0.0,0.0,0.0,1.0,0.0,0.0,0.0,0.0,0.0,0.0,1.0,0.0,0.0,0.0,0.0,0.0,0.0,0.0013755158184319133,0.0013755158184319133,0.0013755158184319133,0.0013755158184319133,0.0013755158184319133,0.0013755158184319133,0.0,0.0013755158184319133,0.0013755158184319133,0.0013755158184319133,0.0013755158184319133,0.0013755158184319133,0.0013755158184319133,0.0,1.0,0.0,0.0,0.0,0.0,0.0,0.0,0.0,0.0,0.0,0.0,0.0,0.0,0.0,0.0,0.0009157509157509158,0.0,0.0,0.0,0.0,0.0,0.5514734318199397,0.5514734318199397,1
1.0,0.0,0.0,0.0,0.0,0.0,0.0,1.0,0.0,0.0,0.0,0.0,0.0,0.0,1.0,0.0,0.0,0.0,0.0,0.0,0.0,0.0,0.0,0.0,0.0,0.0,0.0,0.0,0.0,0.0,0.0,0.0,0.0,0.0,0.0,1.0,0.0,0.0,0.0,0.0,0.0,0.0,0.0,0.0,0.0,0.0,0.0,0.0,0.0,0.0,0.0,0.0,0.0,0.0,0.0,0.0,0.5514734318199397,0.5514734318199397,0
1.0,0.019387726509967812,0.019387726509967812,0.019387726509967812,0.019387726509967812,0.019387726509967812,0.0,1.0,0.0,0.0,0.0,0.0,0.0,0.0,1.0,0.0,0.0,0.0,0.0,0.0,0.0,0.0,0.0,0.0,0.0,0.0,0.0,0.0,0.0,0.0,0.0,0.0,0.0,0.0,0.0,0.0,0.03963011889035667,0.03963011889035667,0.03963011889035667,0.03963011889035667,0.03963011889035667,0.0,0.0,1.3593051232210094e-05,0.0,0.0,0.0,0.0,0.0,0.0,0.0,0.0,0.0,0.0,0.0,0.0,0.5514734318199397,0.5514734318199397,0
1.0,0.0,0.0,0.0,0.0,0.0,0.0,1.0,0.0,0.0,0.0,0.0,0.0,0.0,1.0,0.0,0.0,0.0,0.0,0.0,0.0,0.0,0.0,0.0,0.0,0.0,0.0,0.0,0.0,0.0,0.0,0.0,0.0,0.0,0.0,1.0,0.0,0.0,0.0,0.0,0.0,0.0,0.0,0.0,0.0,0.0,0.0,0.0,0.0,0.0,0.0,0.0,0.0,0.0,0.0,0.0,0.5514734318199397,0.5514734318199397,1
1.0,0.011984366717020606,0.011984366717020606,0.011984366717020606,0.011984366717020606,0.011984366717020606,0.0,1.0,0.0,0.0,0.0,0.0,0.0,0.0,1.0,0.0,0.0,0.0,0.0,0.0,0.0,0.0,0.0,0.0,0.0,0.0,0.0,0.0,0.0,0.0,0.0,0.0,0.0,0.0,0.0,0.0,0.03963011889035667,0.03963011889035667,0.03963011889035667,0.03963011889035667,0.03963011889035667,0.0,0.0,1.3593051232210094e-05,0.0,0.0,0.0,0.0,0.0,0.0,0.0,0.0,0.0,0.0,0.0,0.0,0.5514734318199397,0.5514734318199397,0
1.0,0.0,0.0,0.0,0.0,0.0,0.0,1.0,0.0,0.0,0.0,0.0,0.0,0.0,1.0,0.0,0.0,0.0,0.0,0.0,0.0,0.0,0.0,0.0,0.0,0.0,0.0,0.0,0.0,0.0,0.0,0.0,0.0,0.0,0.0,1.0,0.0,0.0,0.0,0.0,0.0,0.0,0.0,0.0,0.0,0.0,0.0,0.0,0.0,0.0,0.0,0.0,0.0,0.0,0.0,0.0,0.5514734318199397,0.5514734318199397,0
1.0,0.0,0.0,0.0,0.0,0.0,0.0,1.0,0.0,0.0,0.0,0.0,0.0,0.0,1.0,0.0,0.0,0.0,0.0,0.0,0.0,0.0,0.0,0.0,0.0,0.0,0.0,0.0,0.0,0.0,0.0,0.0,0.0,0.0,0.0,1.0,0.0,0.0,0.0,0.0,0.0,0.0,0.0,0.0,0.0,0.0,0.0,0.0,0.0,0.0,0.0009157509157509158,0.0,0.0,0.0,0.0,0.0,0.5514734318199397,0.5514734318199397,1
1.0,0.0,0.0,0.0,0.0,0.0,0.0,1.0,0.0,0.0,0.0,0.0,0.0,0.0,1.0,0.0,0.0,0.0,0.0,0.0,0.0,0.0,0.0,0.0,0.0,0.0,0.0,0.0,0.0,0.0,0.0,0.0,0.0,0.0,0.0,1.0,0.0,0.0,0.0,0.0,0.0,0.0,0.0,0.0,0.0,0.0,0.0,0.0,0.0,0.0,0.0,0.0,0.0,0.0,0.0,0.0,0.5514734318199397,0.5514734318199397,0
1.0,0.10137499088004993,0.1991738913501144,0.23388313396726823,0.10137499088004993,0.4011005865457013,0.0,1.0,0.10137499088004993,0.1991738913501144,0.23388313396726823,0.10137499088004993,0.4011005865457013,0.0,1.0,0.0,0.0,0.0,0.0,0.0,0.0,0.0013755158184319133,0.0013755158184319133,0.0027510316368638266,0.0027510316368638266,0.0013755158184319133,0.00412654745529574,5.04229663840584e-06,0.0013755158184319133,0.0013755158184319133,0.0027510316368638266,0.0027510316368638266,0.0013755158184319133,0.00412654745529574,5.04229663840584e-06,1.0,0.0,0.0,0.0,0.0,0.0,0.0,1.0195332372933024e-06,0.0,0.0,0.0,0.0,0.0,0.0,0.0,0.002747252747252747,0.0,0.0,0.0,0.0,0.0,0.5514734318199397,0.5514734318199397,1
1.0,0.0,0.0,0.0,0.0,0.0,0.0,1.0,0.0,0.0,0.0,0.0,0.0,0.0,1.0,0.0,0.0,0.0,0.0,0.0,0.0,0.0,0.0,0.0,0.0,0.0,0.0,0.0,0.0,0.0,0.0,0.0,0.0,0.0,0.0,1.0,0.0,0.0,0.0,0.0,0.0,0.0,0.0,0.0,0.0,0.0,0.0,0.0,0.0,0.0,0.0,0.0,0.0,0.0,0.0,0.0,0.5514734318199397,0.5514734318199397,0
1.0,0.0,0.0,0.0,0.0,0.0,0.0,1.0,0.0,0.0,0.0,0.0,0.0,0.0,1.0,0.0,0.0,0.0,0.0,0.0,0.0,0.020632737276478685,0.020632737276478685,0.020632737276478685,0.020632737276478685,0.020632737276478685,0.020632737276478685,0.0,0.020632737276478685,0.020632737276478685,0.020632737276478685,0.020632737276478685,0.020632737276478685,0.020632737276478685,0.0,1.0,0.0,0.0,0.0,0.0,0.0,0.0,0.0,0.0,0.0,0.0,0.0,0.0,0.0,0.0,0.0,0.0,0.0,0.0,0.0,0.0,0.5514734318199397,0.5514734318199397,0
1.0,0.0,0.0,0.0,0.0,0.0,0.0,1.0,0.0,0.0,0.0,0.0,0.0,0.0,1.0,0.0,0.0,0.0,0.0,0.0,0.0,0.0,0.0,0.0,0.0,0.0,0.0,0.0,0.0,0.0,0.0,0.0,0.0,0.0,0.0,1.0,0.0,0.0,0.0,0.0,0.0,0.0,0.0,0.0,0.0,0.0,0.0,0.0,0.0,0.0,0.0,0.0,0.0,0.0,0.0,0.0,0.5514734318199397,0.5514734318199397,0
1.0,0.0,0.0,0.0,0.0,0.0,0.0,1.0,0.0,0.0,0.0,0.0,0.0,0.0,1.0,0.0,0.0,0.0,0.0,0.0,0.0,0.0,0.0,0.0,0.0,0.0,0.0,0.0,0.0,0.0,0.0,0.0,0.0,0.0,0.0,1.0,0.0,0.0,0.0,0.0,0.0,0.0,0.0,0.0,0.0,0.0,0.0,0.0,0.0,0.0,0.0,0.0,0.0,0.0,0.0,0.0,0.5514734318199397,0.5514734318199397,0
1.0,0.07834684111345044,0.07834684111345044,0.07834684111345044,0.07834684111345044,0.07834684111345044,0.0,1.0,0.0,0.0,0.0,0.0,0.0,0.0,1.0,0.0,0.0,0.0,0.0,0.0,0.0,0.0,0.0,0.0,0.0,0.0,0.0,0.0,0.0,0.0,0.0,0.0,0.0,0.0,0.0,0.0,0.03963011889035667,0.03963011889035667,0.03963011889035667,0.03963011889035667,0.03963011889035667,0.0,0.0,1.3593051232210094e-05,0.0,0.0,0.0,0.0,0.0,0.0,0.0,0.0,0.0,0.0,0.0,0.0,0.5514734318199397,0.5514734318199397,0
0.05005005005005005,6.821154218205112e-06,0.018668295362130063,0.016150353218758896,6.821154218205112e-06,0.04463495824149574,0.0,0.05005005005005005,6.821154218205112e-06,0.036240591739140876,0.027450999536495883,6.821154218205112e-06,0.05327689251753488,0.0,1.0,0.018615798871408882,0.03931503009432291,0.03996362162384041,0.018615798871408882,0.0641776153759738,0.0,0.00412654745529574,0.00412654745529574,0.005502063273727653,0.026822558459422288,0.00412654745529574,0.202888583218707,0.006606118112724184,0.00412654745529574,0.00412654745529574,0.00412654745529574,0.00894085281980743,0.00412654745529574,0.024759284731774425,0.00012894278270444954,0.003092783505154642,0.043593130779392336,0.0488771466314399,0.08718626155878467,0.043593130779392336,0.23447820343461032,0.01347903331699869,3.398444124311008e-06,0.00012233746108989086,9.74089226573154e-05,0.00010877546025616622,0.0,0.0,6.437284753291062e-05,0.00016469038208168644,0.0018315018315018315,0.03389830508474576,0.0024906600249066002,0.044444444444444446,0.0,0.0,0.5514734318199397,0.5514734318199397,1
1.0,0.0,0.0,0.0,0.0,0.0,0.0,1.0,0.0,0.0,0.0,0.0,0.0,0.0,1.0,0.0,0.0,0.0,0.0,0.0,0.0,0.0,0.0,0.0,0.0,0.0,0.0,0.0,0.0,0.0,0.0,0.0,0.0,0.0,0.0,1.0,0.0,0.0,0.0,0.0,0.0,0.0,0.0,0.0,0.0,0.0,0.0,0.0,0.0,0.0,0.0009157509157509158,0.0,0.0,0.0,0.0,0.0,0.5514734318199397,0.5514734318199397,1
1.0,0.0,0.0,0.0,0.0,0.0,0.0,1.0,0.0,0.0,0.0,0.0,0.0,0.0,1.0,0.0,0.0,0.0,0.0,0.0,0.0,0.0,0.0,0.0,0.0,0.0,0.0,0.0,0.0,0.0,0.0,0.0,0.0,0.0,0.0,1.0,0.0,0.0,0.0,0.0,0.0,0.0,0.0,0.0,0.0,0.0,0.0,0.0,0.0,0.0,0.0,0.0,0.0,0.0,0.0,0.0,0.5514734318199397,0.5514734318199397,0
1.0,0.0,0.0,0.0,0.0,0.0,0.0,1.0,0.0,0.0,0.0,0.0,0.0,0.0,1.0,0.0,0.0,0.0,0.0,0.0,0.0,0.0,0.0,0.0,0.0,0.0,0.0,0.0,0.0,0.0,0.0,0.0,0.0,0.0,0.0,1.0,0.0,0.0,0.0,0.0,0.0,0.0,0.0,0.0,0.0,0.0,0.0,0.0,0.0,0.0,0.0,0.0,0.0,0.0,0.0,0.0,0.5514734318199397,0.5514734318199397,0
1.0,0.2004959246612879,0.3003845726623788,0.3003845726623788,0.2004959246612879,0.40027328753753055,0.0,1.0,0.2004959246612879,0.3003845726623788,0.3003845726623788,0.2004959246612879,0.40027328753753055,0.0,1.0,0.0,0.0,0.0,0.0,0.0,0.0,0.0013755158184319133,0.0013755158184319133,0.00412654745529574,0.0027510316368638266,0.0013755158184319133,0.00412654745529574,5.203120358580135e-06,0.0013755158184319133,0.0013755158184319133,0.00412654745529574,0.0027510316368638266,0.0013755158184319133,0.00412654745529574,5.203120358580135e-06,1.0,0.0,0.0,0.0,0.0,0.0,0.0,6.796888248622017e-07,0.0,0.0,0.0,0.0,0.0,0.0,0.0,0.002747252747252747,0.0,0.0,0.0,0.0,0.0,0.5514734318199397,0.5514734318199397,1
1.0,0.0,0.0,0.0,0.0,0.0,0.0,1.0,0.0,0.0,0.0,0.0,0.0,0.0,1.0,0.0,0.0,0.0,0.0,0.0,0.0,0.009628610729023386,0.009628610729023386,0.009628610729023386,0.009628610729023386,0.009628610729023386,0.009628610729023386,0.0,0.009628610729023386,0.009628610729023386,0.009628610729023386,0.009628610729023386,0.009628610729023386,0.009628610729023386,0.0,1.0,0.0,0.0,0.0,0.0,0.0,0.0,0.0,0.0,0.0,0.0,0.0,0.0,0.0,0.0,0.0009157509157509158,0.0,0.0,0.0,0.0,0.0,0.5514734318199397,0.5514734318199397,1
1.0,0.0,0.0,0.0,0.0,0.0,0.0,1.0,0.0,0.0,0.0,0.0,0.0,0.0,1.0,0.0,0.0,0.0,0.0,0.0,0.0,0.0,0.0,0.0,0.0,0.0,0.0,0.0,0.0,0.0,0.0,0.0,0.0,0.0,0.0,1.0,0.0,0.0,0.0,0.0,0.0,0.0,0.0,0.0,0.0,0.0,0.0,0.0,0.0,0.0,0.0009157509157509158,0.0,0.0,0.0,0.0,0.0,0.5514734318199397,0.5514734318199397,1
1.0,0.20999692312445511,0.20999692312445511,0.20999692312445511,0.20999692312445511,0.20999692312445511,0.0,1.0,0.20999692312445511,0.20999692312445511,0.20999692312445511,0.20999692312445511,0.20999692312445511,0.0,1.0,0.0,0.0,0.0,0.0,0.0,0.0,0.008253094910591473,0.008253094910591473,0.008253094910591473,0.008253094910591473,0.008253094910591473,0.008253094910591473,0.0,0.008253094910591473,0.008253094910591473,0.008253094910591473,0.008253094910591473,0.008253094910591473,0.008253094910591473,0.0,1.0,0.0,0.0,0.0,0.0,0.0,0.0,3.398444124311008e-07,0.0,0.0,0.0,0.0,0.0,0.0,0.0,0.0,0.0,0.0,0.0,0.0,0.0,0.5514734318199397,0.5514734318199397,1
1.0,0.0,0.0,0.0,0.0,0.0,0.0,1.0,0.0,0.0,0.0,0.0,0.0,0.0,1.0,0.0,0.0,0.0,0.0,0.0,0.0,0.009628610729023386,0.009628610729023386,0.009628610729023386,0.009628610729023386,0.009628610729023386,0.009628610729023386,0.0,0.009628610729023386,0.009628610729023386,0.009628610729023386,0.009628610729023386,0.009628610729023386,0.009628610729023386,0.0,1.0,0.0,0.0,0.0,0.0,0.0,0.0,0.0,0.0,0.0,0.0,0.0,0.0,0.0,0.0,0.0009157509157509158,0.0,0.0,0.0,0.0,0.0,0.5514734318199397,0.5514734318199397,1
1.0,0.0,0.0,0.0,0.0,0.0,0.0,1.0,0.0,0.0,0.0,0.0,0.0,0.0,1.0,0.0,0.0,0.0,0.0,0.0,0.0,0.0,0.0,0.0,0.0,0.0,0.0,0.0,0.0,0.0,0.0,0.0,0.0,0.0,0.0,1.0,0.0,0.0,0.0,0.0,0.0,0.0,0.0,0.0,0.0,0.0,0.0,0.0,0.0,0.0,0.0,0.0,0.0,0.0,0.0,0.0,0.5514734318199397,0.5514734318199397,0
1.0,0.0,0.0,0.0,0.0,0.0,0.0,1.0,0.0,0.0,0.0,0.0,0.0,0.0,1.0,0.0,0.0,0.0,0.0,0.0,0.0,0.0013755158184319133,0.0013755158184319133,0.0013755158184319133,0.0013755158184319133,0.0013755158184319133,0.0013755158184319133,0.0,0.0013755158184319133,0.0013755158184319133,0.0013755158184319133,0.0013755158184319133,0.0013755158184319133,0.0013755158184319133,0.0,1.0,0.0,0.0,0.0,0.0,0.0,0.0,0.0,0.0,0.0,0.0,0.0,0.0,0.0,0.0,0.0009157509157509158,0.0,0.0,0.0,0.0,0.0,0.5514734318199397,0.5514734318199397,1
1.0,0.0,0.0,0.0,0.0,0.0,0.0,1.0,0.0,0.0,0.0,0.0,0.0,0.0,1.0,0.0,0.0,0.0,0.0,0.0,0.0,0.0,0.0,0.0,0.0,0.0,0.0,0.0,0.0,0.0,0.0,0.0,0.0,0.0,0.0,1.0,0.0,0.0,0.0,0.0,0.0,0.0,0.0,0.0,0.0,0.0,0.0,0.0,0.0,0.0,0.0009157509157509158,0.0,0.0,0.0,0.0,0.0,0.5514734318199397,0.5514734318199397,1
0.0025025025025025025,4.6811842673956654e-07,0.0005027591903182944,0.004846496946095695,4.6811842673956654e-07,0.02505630628747915,0.0,1.0,0.00834173661637715,0.01643563796282618,0.01643563796282618,0.00834173661637715,0.024529606183336175,0.0,0.0025025025025025025,4.725867291165275e-07,1.2219742567155925e-05,0.008306454400511582,4.725867291165275e-07,0.03320097304257277,0.0,0.00412654745529574,0.00412654745529574,0.08872077028885832,0.4202200825309491,0.00412654745529574,1.0000000000000002,0.4995688505266504,0.00412654745529574,0.00412654745529574,0.009628610729023386,0.04057771664374141,0.00412654745529574,0.1079779917469051,0.0068293319761072715,0.003092783505154642,0.043593130779392336,1.0,0.5997357992073976,0.043593130779392336,1.0,0.5408060011844195,6.796888248622017e-07,9.515135862547065e-05,2.435223066432885e-05,9.517852772414543e-05,0.0,0.0,3.218642376645531e-05,8.234519104084322e-05,0.0009157509157509158,0.01694915254237288,0.0,0.0,0.0,0.0,0.5514734318199397,0.5514734318199397,1
1.0,0.012110624944118364,0.012110624944118364,0.012110624944118364,0.012110624944118364,0.012110624944118364,0.0,1.0,0.0,0.0,0.0,0.0,0.0,0.0,1.0,0.0,0.0,0.0,0.0,0.0,0.0,0.0,0.0,0.0,0.0,0.0,0.0,0.0,0.0,0.0,0.0,0.0,0.0,0.0,0.0,0.0,0.03963011889035667,0.03963011889035667,0.03963011889035667,0.03963011889035667,0.03963011889035667,0.0,0.0,1.3593051232210094e-05,0.0,0.0,0.0,0.0,0.0,0.0,0.0,0.0,0.0,0.0,0.0,0.0,0.5514734318199397,0.5514734318199397,0
1.0,0.0,0.0,0.0,0.0,0.0,0.0,1.0,0.0,0.0,0.0,0.0,0.0,0.0,1.0,0.0,0.0,0.0,0.0,0.0,0.0,0.0,0.0,0.0,0.0,0.0,0.0,0.0,0.0,0.0,0.0,0.0,0.0,0.0,0.0,1.0,0.0,0.0,0.0,0.0,0.0,0.0,0.0,0.0,0.0,0.0,0.0,0.0,0.0,0.0,0.0,0.0,0.0,0.0,0.0,0.0,0.5514734318199397,0.5514734318199397,0
1.0,0.0,0.0,0.0,0.0,0.0,0.0,1.0,0.0,0.0,0.0,0.0,0.0,0.0,1.0,0.0,0.0,0.0,0.0,0.0,0.0,0.0,0.0,0.0,0.0,0.0,0.0,0.0,0.0,0.0,0.0,0.0,0.0,0.0,0.0,1.0,0.0,0.0,0.0,0.0,0.0,0.0,0.0,0.0,0.0,0.0,0.0,0.0,0.0,0.0,0.0,0.0,0.0,0.0,0.0,0.0,0.5514734318199397,0.5514734318199397,0
1.0,0.0,0.0,0.0,0.0,0.0,0.0,1.0,0.0,0.0,0.0,0.0,0.0,0.0,1.0,0.0,0.0,0.0,0.0,0.0,0.0,0.0,0.0,0.0,0.0,0.0,0.0,0.0,0.0,0.0,0.0,0.0,0.0,0.0,0.0,1.0,0.0,0.0,0.0,0.0,0.0,0.0,0.0,0.0,0.0,0.0,0.0,0.0,0.0,0.0,0.0009157509157509158,0.0,0.0,0.0,0.0,0.0,0.5514734318199397,0.5514734318199397,1
1.0,0.0,0.0,0.0,0.0,0.0,0.0,1.0,0.0,0.0,0.0,0.0,0.0,0.0,1.0,0.0,0.0,0.0,0.0,0.0,0.0,0.0013755158184319133,0.0013755158184319133,0.0013755158184319133,0.0013755158184319133,0.0013755158184319133,0.0013755158184319133,0.0,0.0013755158184319133,0.0013755158184319133,0.0013755158184319133,0.0013755158184319133,0.0013755158184319133,0.0013755158184319133,0.0,1.0,0.0,0.0,0.0,0.0,0.0,0.0,0.0,0.0,0.0,0.0,0.0,0.0,0.0,0.0,0.0009157509157509158,0.0,0.0,0.0,0.0,0.0,0.5514734318199397,0.5514734318199397,1
1.0,0.0,0.0,0.0,0.0,0.0,0.0,1.0,0.0,0.0,0.0,0.0,0.0,0.0,1.0,0.0,0.0,0.0,0.0,0.0,0.0,0.0,0.0,0.0,0.0,0.0,0.0,0.0,0.0,0.0,0.0,0.0,0.0,0.0,0.0,1.0,0.0,0.0,0.0,0.0,0.0,0.0,0.0,0.0,0.0,0.0,0.0,0.0,0.0,0.0,0.0,0.0,0.0,0.0,0.0,0.0,0.5514734318199397,0.5514734318199397,0
1.0,0.0,0.0,0.0,0.0,0.0,0.0,1.0,0.0,0.0,0.0,0.0,0.0,0.0,1.0,0.0,0.0,0.0,0.0,0.0,0.0,0.0,0.0,0.0,0.0,0.0,0.0,0.0,0.0,0.0,0.0,0.0,0.0,0.0,0.0,1.0,0.0,0.0,0.0,0.0,0.0,0.0,0.0,0.0,0.0,0.0,0.0,0.0,0.0,0.0,0.0,0.0,0.0,0.0,0.0,0.0,0.5514734318199397,0.5514734318199397,0
1.0,0.005048122239898522,0.005048122239898522,0.005048122239898522,0.005048122239898522,0.005048122239898522,0.0,1.0,0.0,0.0,0.0,0.0,0.0,0.0,1.0,0.0,0.0,0.0,0.0,0.0,0.0,0.0,0.0,0.0,0.0,0.0,0.0,0.0,0.0,0.0,0.0,0.0,0.0,0.0,0.0,0.0,0.03963011889035667,0.03963011889035667,0.03963011889035667,0.03963011889035667,0.03963011889035667,0.0,0.0,1.3593051232210094e-05,0.0,0.0,0.0,0.0,0.0,0.0,0.0,0.0,0.0,0.0,0.0,0.0,0.5514734318199397,0.5514734318199397,0
0.30330330330330335,4.065942906537949e-05,0.007397140505277668,0.006649689125896505,4.065942906537949e-05,0.01527744610101153,0.0,0.30330330330330335,4.065942906537949e-05,0.007397140505277668,0.006649689125896505,4.065942906537949e-05,0.01527744610101153,0.0,1.0,0.0,0.0,0.0,0.0,0.0,0.0,0.0,0.0,0.027510316368638238,0.07152682255845942,0.0,0.3514442916093535,0.027992049632092092,0.0,0.0,0.027510316368638238,0.07152682255845942,0.0,0.3514442916093535,0.027992049632092092,1.0,0.0,0.0,0.0,0.0,0.0,0.0,3.058599711879907e-06,0.0,0.00010958503798947982,0.0,0.0,0.0,0.00022530496636518715,0.0,0.0009157509157509158,0.0,0.0,0.0,0.0,0.0,0.5514734318199397,0.5514734318199397,1
0.013013013013013013,1.8724737069582661e-06,2.3472795397941123e-05,0.0019498469954922202,1.8724737069582661e-06,0.013192246006130613,0.0,0.0005005005005005005,2.0062218288838566e-07,9.562990717679716e-06,0.003395931689751704,2.0062218288838566e-07,0.012764787008456426,0.0,0.007007007007007007,1.0801982379806343e-06,2.3021724946962268e-05,0.003964395045778802,1.0801982379806343e-06,0.012911677050972396,0.0,0.00412654745529574,0.00412654745529574,0.009628610729023386,0.359697386519945,0.00412654745529574,1.0000000000000002,0.4411002612912442,0.00412654745529574,0.00412654745529574,1.0000000000000002,0.6960110041265475,0.00412654745529574,1.0000000000000002,0.39903152901732925,0.003092783505154642,0.043593130779392336,0.043593130779392336,0.047556142668428,0.043593130779392336,0.14332892998678995,0.0009359562105390623,7.816421485915318e-06,0.00031264017834083216,0.0002922267679719462,0.0002991325157044571,0.0,0.0,0.00019311854259873186,8.234519104084322e-05,0.0009157509157509158,0.01694915254237288,0.0012453300124533001,0.022222222222222223,0.0,0.0,0.5514734318199397,0.5514734318199397,1
1.0,0.020859557717697975,0.020859557717697975,0.020859557717697975,0.020859557717697975,0.020859557717697975,0.0,1.0,0.0,0.0,0.0,0.0,0.0,0.0,1.0,0.0,0.0,0.0,0.0,0.0,0.0,0.0,0.0,0.0,0.0,0.0,0.0,0.0,0.0,0.0,0.0,0.0,0.0,0.0,0.0,0.0,0.03963011889035667,0.03963011889035667,0.03963011889035667,0.03963011889035667,0.03963011889035667,0.0,0.0,1.3593051232210094e-05,0.0,0.0,0.0,0.0,0.0,0.0,0.0,0.0,0.0,0.0,0.0,0.0,0.5514734318199397,0.5514734318199397,0
1.0,0.0,0.0,0.0,0.0,0.0,0.0,1.0,0.0,0.0,0.0,0.0,0.0,0.0,1.0,0.0,0.0,0.0,0.0,0.0,0.0,0.0,0.0,0.0,0.0,0.0,0.0,0.0,0.0,0.0,0.0,0.0,0.0,0.0,0.0,1.0,0.0,0.0,0.0,0.0,0.0,0.0,0.0,0.0,0.0,0.0,0.0,0.0,0.0,0.0,0.0009157509157509158,0.0,0.0,0.0,0.0,0.0,0.5514734318199397,0.5514734318199397,1
1.0,0.20690433217523063,0.20690433217523063,0.20690433217523063,0.20690433217523063,0.20690433217523063,0.0,1.0,0.20690433217523063,0.20690433217523063,0.20690433217523063,0.20690433217523063,0.20690433217523063,0.0,1.0,0.0,0.0,0.0,0.0,0.0,0.0,0.0013755158184319133,0.0013755158184319133,0.0013755158184319133,0.0013755158184319133,0.0013755158184319133,0.0013755158184319133,0.0,0.0013755158184319133,0.0013755158184319133,0.0013755158184319133,0.0013755158184319133,0.0013755158184319133,0.0013755158184319133,0.0,1.0,0.0,0.0,0.0,0.0,0.0,0.0,3.398444124311008e-07,0.0,0.0,0.0,0.0,0.0,0.0,0.0,0.0018315018315018315,0.0,0.0,0.0,0.0,0.0,0.5514734318199397,0.5514734318199397,1
1.0,0.19270683528470728,0.19270683528470728,0.19270683528470728,0.19270683528470728,0.19270683528470728,0.0,1.0,0.19270683528470728,0.19270683528470728,0.19270683528470728,0.19270683528470728,0.19270683528470728,0.0,1.0,0.0,0.0,0.0,0.0,0.0,0.0,0.00412654745529574,0.00412654745529574,0.00412654745529574,0.00412654745529574,0.00412654745529574,0.00412654745529574,0.0,0.00412654745529574,0.00412654745529574,0.00412654745529574,0.00412654745529574,0.00412654745529574,0.00412654745529574,0.0,1.0,0.0,0.0,0.0,0.0,0.0,0.0,3.398444124311008e-07,0.0,0.0,0.0,0.0,0.0,0.0,0.0,0.0018315018315018315,0.0,0.0,0.0,0.0,0.0,0.5514734318199397,0.5514734318199397,1
1.0,0.0025881599073821005,0.002813324870643832,0.002813324870643832,0.0025881599073821005,0.0030385567079665265,0.02121941754386133,1.0,0.0025881599073821005,0.002813324870643832,0.002813324870643832,0.0025881599073821005,0.0030385567079665265,0.02121941754386133,1.0,0.0,0.0,0.0,0.0,0.0,0.0,0.0,0.0,0.003438789546079783,0.3156808803301238,0.0,0.9449793672627235,0.4745359289651088,0.0,0.0,0.003438789546079783,0.3156808803301238,0.0,0.9449793672627235,0.4745359289651088,1.0,0.0,0.0,0.0,0.0,0.0,0.0,1.6992220621555042e-06,0.0,7.305669199298655e-05,0.0,0.0,0.0,3.218642376645531e-05,0.0,0.0009157509157509158,0.0,0.0,0.0,0.0,0.0,0.5514734318199397,0.5514734318199397,1
1.0,0.0,0.0,0.0,0.0,0.0,0.0,1.0,0.0,0.0,0.0,0.0,0.0,0.0,1.0,0.0,0.0,0.0,0.0,0.0,0.0,0.0,0.0,0.0,0.0,0.0,0.0,0.0,0.0,0.0,0.0,0.0,0.0,0.0,0.0,1.0,0.0,0.0,0.0,0.0,0.0,0.0,0.0,0.0,1.2176115332164426e-05,0.0,0.0,0.0,0.0,0.0,0.0,0.0,0.0,0.0,0.0,0.0,0.5514734318199397,0.5514734318199397,1
1.0,0.0,0.0,0.0,0.0,0.0,0.0,1.0,0.0,0.0,0.0,0.0,0.0,0.0,1.0,0.0,0.0,0.0,0.0,0.0,0.0,0.0,0.0,0.0,0.0,0.0,0.0,0.0,0.0,0.0,0.0,0.0,0.0,0.0,0.0,1.0,0.0,0.0,0.0,0.0,0.0,0.0,0.0,0.0,0.0,0.0,0.0,0.0,0.0,0.0,0.0,0.0,0.0,0.0,0.0,0.0,0.5514734318199397,0.5514734318199397,0
1.0,0.01964318542284569,0.01964318542284569,0.01964318542284569,0.01964318542284569,0.01964318542284569,0.0,1.0,0.0,0.0,0.0,0.0,0.0,0.0,1.0,0.0,0.0,0.0,0.0,0.0,0.0,0.0,0.0,0.0,0.0,0.0,0.0,0.0,0.0,0.0,0.0,0.0,0.0,0.0,0.0,0.0,0.03963011889035667,0.03963011889035667,0.03963011889035667,0.03963011889035667,0.03963011889035667,0.0,0.0,1.3593051232210094e-05,0.0,0.0,0.0,0.0,0.0,0.0,0.0,0.0,0.0,0.0,0.0,0.0,0.5514734318199397,0.5514734318199397,0
1.0,0.017065591617095713,0.017065591617095713,0.017065591617095713,0.017065591617095713,0.017065591617095713,0.0,1.0,0.017065591617095713,0.017065591617095713,0.017065591617095713,0.017065591617095713,0.017065591617095713,0.0,1.0,0.0,0.0,0.0,0.0,0.0,0.0,0.0,0.0,0.02888583218707015,0.02888583218707015,0.0,0.0577716643741403,0.003337565204558312,0.0,0.0,0.02888583218707015,0.02888583218707015,0.0,0.0577716643741403,0.003337565204558312,1.0,0.0,0.0,0.0,0.0,0.0,0.0,3.398444124311008e-07,0.0,2.435223066432885e-05,0.0,0.0,0.0,3.218642376645531e-05,0.0,0.0,0.0,0.0,0.0,0.0,0.0,0.5514734318199397,0.5514734318199397,1
1.0,0.2006609029696831,0.2006609029696831,0.2006609029696831,0.2006609029696831,0.2006609029696831,0.0,1.0,0.2006609029696831,0.2006609029696831,0.2006609029696831,0.2006609029696831,0.2006609029696831,0.0,1.0,0.0,0.0,0.0,0.0,0.0,0.0,0.00412654745529574,0.00412654745529574,0.00412654745529574,0.00412654745529574,0.00412654745529574,0.00412654745529574,0.0,0.00412654745529574,0.00412654745529574,0.00412654745529574,0.00412654745529574,0.00412654745529574,0.00412654745529574,0.0,1.0,0.0,0.0,0.0,0.0,0.0,0.0,3.398444124311008e-07,0.0,0.0,0.0,0.0,0.0,0.0,0.0,0.0018315018315018315,0.0,0.0,0.0,0.0,0.0,0.5514734318199397,0.5514734318199397,1
1.0,0.005340161264123049,0.005340161264123049,0.005340161264123049,0.005340161264123049,0.005340161264123049,0.0,1.0,0.0,0.0,0.0,0.0,0.0,0.0,1.0,0.0,0.0,0.0,0.0,0.0,0.0,0.0,0.0,0.0,0.0,0.0,0.0,0.0,0.0,0.0,0.0,0.0,0.0,0.0,0.0,0.0,0.03963011889035667,0.03963011889035667,0.03963011889035667,0.03963011889035667,0.03963011889035667,0.0,0.0,1.3593051232210094e-05,0.0,0.0,0.0,0.0,0.0,0.0,0.0,0.0,0.0,0.0,0.0,0.0,0.5514734318199397,0.5514734318199397,0
1.0,0.044501009497387264,0.044501009497387264,0.044501009497387264,0.044501009497387264,0.044501009497387264,0.0,1.0,0.0,0.0,0.0,0.0,0.0,0.0,1.0,0.0,0.0,0.0,0.0,0.0,0.0,0.0,0.0,0.0,0.0,0.0,0.0,0.0,0.0,0.0,0.0,0.0,0.0,0.0,0.0,0.0,0.03963011889035667,0.03963011889035667,0.03963011889035667,0.03963011889035667,0.03963011889035667,0.0,0.0,1.3593051232210094e-05,0.0,0.0,0.0,0.0,0.0,0.0,0.0,0.0,0.0,0.0,0.0,0.0,0.5514734318199397,0.5514734318199397,0
